{"proxyObservationType": ["D18O", "Sample Count", "Segment", "Tree Ring Width", "Tree Ring Standardized Growth Index", "Residual", "Arstan Chronology", "Corrs", "Rbar (Mean Pair Correlation)", "NA", "Expressed Population Signal", "Core", "Density", "Blue Intensity", "D13C", "Sr/Ca", "Melt", "Uk37", "Notes", "Maximum Latewood Density", "Julian Day", "Mg/Ca", "Dd", "Calcification", "Composite", "Precipitation", "Biogenic Silica", "Thickness", "Unnamed", "Dust", "Chloride", "Sulfate", "Nitrate", "Duration", "F", "Cl", "Na", "Ammonium", "K", "Mg", "Ca", "Trough Area Between 650 And 700 Nm Wavelength", "Water Content", "N", "C", "C/N", "TEX86", "X_Radiograph_Dark_Layer", "Effective Moisture", "Layer Thickness", "Mass Flux", "Total Organic Carbon", "Total Nitrogen", "Sulfur", "Median Grain Size (D50)", "BIT", "Meltlayers", "Meltlayerfrequency", "Dry Bulk Density", "Caco3", "37:2Alkenoneconcentration", "Ice Melt", "Bubblenumberdensity", "Uk37'", "RAN15", "Nonreliabled18O", "Mode Grain Size", "D-Excess", "Brgdgt", "MBT", "MBT'", "CBT", "Foraminifera Abundance", "Ice-Rafted Debris", "Laminathickenss", "N-Alkane 24 Carbon Chain", "N-Alkane 26 Carbon Chain", "N-Alkane 28 Carbon Chain"], "proxyObservationTypeUnits": ["permil", "count", "NA", "cm", "mmol/mol", "percent", "days", "mm", "g/cm/yr", "g/cm3", "mg/cm2/yr", "count/mL", "ppb", "AD", "mg/g", "mwe", "mm/yr", "degC", "cm/yr", "dark/sum", "m", "g/cm2a", "ng/g", "unitless", "microm", "decimal degrees", "frequency/1000yrs", "microg/g", "g", "bubbles/cm3", "BP", "peak area", "permil PDB", "counts", "no/g"], "interpretation/variable": ["NA", "Precipitation Isotope", "Precipitation Amount", "Precipitation And Evaporation", "Water Temperature", "Temperature And D18O Of Seawater", "Seawater Isotope", "Carbonate Ion Concentration", "D18O Seawater", "Palmer Drought Severity Index", "Air Temperature", "Temperature And Precipitation", "D18O Of Precipitation", "Source Region", "Evapotranspiration", "Relative Humidity", "Atlantic Multi-Decadal Oscillation", "Pacific Decadal Oscillation", "Temperature And Salinity", "Precipitation Seasonality", "Salinity", "Sea Ice", "Lake Temperature"], "interpretation/variableDetail": ["Air Condensationlevel", "NA", "Air Surface", "Sea Surface", "Surface", "Lake Surface", "Eff", "Air 600M", "Air Condensation", "Lake Water", "Subsurface   50 M ", "Subsurface  30M ", "Subsurface  300 400M ", "Subsurface", "Near Surface", "Subsurface  50M ", "Thermocline", "Near Sea Surface", "Groundwater", "Subsurface  60 80M ", "Surface Mixed Layer", "Subsurface  143 M", "Subsurface  136 M"], "inferredVariable": ["NA", "Precipitation Isotope", "Precipitation And Evaporation", "Lake Water Temperature", "D18O", "Sea Surface  Temperature", "Sea Surface D18O Seawater", "Subsurface  Temperature", "Subsurface Seawater Isotope", "Subsurface Carbonate Ion Concentration", "Sea Surface Temperature And D18O Of Seawater", "Sea Surface Seawater Isotope", "Sea Surface Carbonate Ion Concentration", "Surface Temperature And D18O Of Seawater", "Surface Seawater Isotope", "Near Surface Temperature And D18O Of Seawater", "Near Surface  Temperature", "Near Surface Seawater Isotope", "Near Surface Carbonate Ion Concentration", "Precipitation Amount", "Thermocline Temperature And D18O Of Seawater", "Thermocline  Temperature", "Thermocline Seawater Isotope", "Thermocline Carbonate Ion Concentration", "Near Sea Surface Temperature And D18O Of Seawater", "Near Sea Surface  Temperature", "Near Sea Surface Seawater Isotope", "Near Sea Surface Carbonate Ion Concentration", "Precipitation D18O", "Relative Humidity", "Sea Surface Temperature And Precipitation", "Pacific Decadal Oscillation", "Sea Surface Temperature And Salinity", "Surface Mixed Layer Temperature And D18O Of Seawater", "Surface Mixed Layer  Temperature", "Surface Mixed Layer Seawater Isotope", "Surface Mixed Layer Carbonate Ion Concentration", "Temperature", "Subsurface Temperature", "Sedimentation Rate", "Sea Surface Temperature"], "inferredVariableUnits": ["NA", "degC", "cm/kyr", "permil", "index", "unitless", "PC"]}