{"archives_map": {"marine sediment": "MarineSediment", "lake sediment": "LakeSediment", "glacier ice": "GlacierIce", "documents": "Documents", "borehole": "Rock", "tree": "Wood", "bivalve": "MolluskShell", "mollusk shell": "MolluskShell", "coral": "Coral", "speleothem": "Speleothem", "sclerosponge": "Sclerosponge", "hybrid": "Hybrid", "Sclerosponge": "Sclerosponge", "Speleothem": "Speleothem", "Coral": "Coral", "MarineSediment": "MarineSediment", "LakeSediment": "LakeSediment", "GlacierIce": "GlacierIce", "Documents": "Documents", "Hybrid": "Hybrid", "MolluskShell": "MolluskShell", "Lake": "Lake", "molluskshell": "MolluskShell", "Wood": "Wood", "Rock": "Rock", "MollusckShell": "MolluskShell", "MolluskShells": "MolluskShell", "TerrestrialSediment": "TerrestrialSediment", "Midden": "Midden", "Peat": "Peat", "GroundIce": "GroundIce", "Ice-other": "Ice-other", "Marine Sediment": "MarineSediment", "Lake Sediment": "LakeSediment", "Mollusk Shell": "MolluskShell", "Glacier Ice": "GlacierIce", "Ground Ice": "GroundIce", "Terrestrial Sediment": "TerrestrialSediment"}, "ground_truth": {"LakeSediment": ["Uk37", "TEX86", "Brgdgt", "NA", "Dd", "Core", "D18O", "Thickness"], "MarineSediment": ["Uk37", "Total Organic Carbon", "TEX86", "Dry Bulk Density", "Ice-Rafted Debris", "NA", "Dd", "Biogenic Silica", "Caco3", "Foraminifera Abundance", "Core", "37:2Alkenoneconcentration", "D18O", "Mg/Ca", "Notes", "D13C"], "Wood": ["Tree Ring Width", "Trsgi", "NA", "Residual", "Expressed Population Signal", "Segment", "Sample Count", "Arstan Chronology", "Core", "D18O", "Corrs", "Tree Ring Standardized Growth Index", "Rbar (Mean Pair Correlation)"], "GlacierIce": ["Dd", "NA", "D18O", "D-Excess", "Thickness"], "Speleothem": ["NA", "D18O"], "Coral": ["NA", "Sr/Ca", "D18O", "Composite", "D13C", "Calcification"], "Midden": ["NA"], "Peat": ["NA"], "Sclerosponge": ["D18O", "Sr/Ca"], "TerrestrialSediment": ["Dd"], "GroundIce": ["NA", "D18O", "Dd"], "Ice-other": ["Dd"], "NA": ["NA"], "D13C": ["NA"], "D18O": ["Precipitation And Evaporation", "Seawater Isotope", "Palmer Drought Severity Index", "Temperature And D18O Of Seawater", "NA", "Carbonate Ion Concentration", "Water Temperature", "Precipitation Isotope", "D18O Seawater", "Air Temperature"], "Dd": ["Precipitation And Evaporation", "Evapotranspiration", "NA", "Precipitation Isotope", "Precipitation Amount"], "Residual": ["NA"], "Ice-Rafted Debris": ["NA"], "Mg/Ca": ["NA"], "Tree Ring Standardized Growth Index": ["NA"], "37:2Alkenoneconcentration": ["NA"], "Sr/Ca": ["NA"], "Segment": ["NA"], "Total Organic Carbon": ["NA"], "Core": ["NA"], "Corrs": ["NA"], "Thickness": ["NA"], "Rbar (Mean Pair Correlation)": ["NA"], "Notes": ["NA"], "Uk37": ["NA"], "Expressed Population Signal": ["NA"], "Sample Count": ["NA"], "Biogenic Silica": ["NA"], "Caco3": ["NA"], "Composite": ["NA"], "Foraminifera Abundance": ["NA"], "Arstan Chronology": ["NA"], "D-Excess": ["NA", "Precipitation Isotope"], "Tree Ring Width": ["NA"], "Calcification": ["NA"], "Brgdgt": ["NA"], "TEX86": ["NA"], "Trsgi": ["Air Surface"], "Dry Bulk Density": ["NA"], "Precipitation Isotope": ["NA", "Air Surface"], "Carbonate Ion Concentration": ["Subsurface", "NA", "Surface", "Sea Surface", "Near Sea Surface", "Subsurface  300 400M ", "Subsurface  30M "], "Water Temperature": ["Subsurface", "NA", "Surface", "Sea Surface", "Subsurface  300 400M ", "Near Surface"], "Precipitation And Evaporation": ["NA", "Air Surface", "Lake Water"], "Temperature And D18O Of Seawater": ["Subsurface", "Thermocline", "NA", "Surface", "Sea Surface", "Subsurface  300 400M ", "Subsurface  30M "], "Seawater Isotope": ["Subsurface", "Thermocline", "NA", "Surface", "Sea Surface", "Near Sea Surface", "Subsurface  300 400M ", "Subsurface  30M ", "Near Surface"], "D18O Seawater": ["NA", "Sea Surface"], "Air Temperature": ["NA"], "Palmer Drought Severity Index": ["NA"], "Precipitation Amount": ["NA", "Air Surface"], "Air Surface": ["Temperature"], "Evapotranspiration": ["NA"], "Near Sea Surface": ["Near Sea Surface Carbonate Ion Concentration", "Near Sea Surface Seawater Isotope"], "Sea Surface": ["Sea Surface Seawater Isotope", "Sea Surface D18O Seawater", "NA", "D18O", "Sea Surface Carbonate Ion Concentration", "Sea Surface Temperature And D18O Of Seawater", "Sea Surface  Temperature"], "Lake Water": ["Precipitation And Evaporation", "NA"], "Surface": ["NA", "Surface Seawater Isotope", "Surface Temperature And D18O Of Seawater", "D18O", "Sea Surface Carbonate Ion Concentration", "Temperature", "Sea Surface  Temperature"], "Air Condensationlevel": ["NA"], "Near Surface": ["Near Surface Seawater Isotope", "Near Surface  Temperature"], "Subsurface": ["Subsurface  Temperature", "Subsurface Carbonate Ion Concentration", "D18O"], "Subsurface  30M ": ["NA", "D18O"], "Subsurface  300 400M ": ["NA", "D18O"], "Thermocline": ["Thermocline Seawater Isotope", "Thermocline Temperature And D18O Of Seawater"], "Temperature": ["Temperature"], "Near Sea Surface Carbonate Ion Concentration": ["NA"], "Surface Temperature And D18O Of Seawater": ["NA"], "Sea Surface Temperature And D18O Of Seawater": ["NA"], "Sea Surface Carbonate Ion Concentration": ["NA"], "Sea Surface  Temperature": ["NA", "degC"], "Near Surface Seawater Isotope": ["NA"], "Sea Surface D18O Seawater": ["NA"], "Near Surface  Temperature": ["NA"], "Subsurface  Temperature": ["NA"], "Sea Surface Seawater Isotope": ["NA"], "Surface Seawater Isotope": ["NA"], "Near Sea Surface Seawater Isotope": ["NA"], "Thermocline Temperature And D18O Of Seawater": ["NA"], "Thermocline Seawater Isotope": ["NA"], "Subsurface Carbonate Ion Concentration": ["NA"], "proxyUnits": {"NA": ["decimal degrees", "permil PDB", "NA", "m", "mm", "cm", "BP", "bubbles/cm3", "AD"], "D13C": ["permil PDB", "permil"], "D18O": ["NA", "permil", "permil PDB"], "Dd": ["permil"], "Residual": ["NA"], "Ice-Rafted Debris": ["no/g"], "Mg/Ca": ["NA", "mmol/mol"], "Tree Ring Standardized Growth Index": ["NA"], "37:2Alkenoneconcentration": ["g", "ng/g"], "Sr/Ca": ["unitless", "mmol/mol"], "Segment": ["NA"], "Total Organic Carbon": ["percent"], "Core": ["NA"], "Corrs": ["NA"], "Thickness": ["mwe", "NA", "cm", "mm"], "Rbar (Mean Pair Correlation)": ["NA"], "Notes": ["NA"], "Uk37": ["NA", "unitless"], "Expressed Population Signal": ["NA"], "Sample Count": ["count"], "Biogenic Silica": ["percent"], "Caco3": ["percent"], "Composite": ["percent"], "Foraminifera Abundance": ["percent", "counts"], "Arstan Chronology": ["NA"], "D-Excess": ["permil"], "Tree Ring Width": ["cm"], "Calcification": ["g/cm/yr"], "Brgdgt": ["peak area"], "TEX86": ["NA", "degC"], "Trsgi": ["NA"], "Dry Bulk Density": ["g/cm3"]}}, "archive_types": ["MarineSediment", "LakeSediment", "Speleothem", "GlacierIce", "Wood", "Coral", "Midden", "Peat", "TerrestrialSediment", "GroundIce", "Ice-other", "Sclerosponge", "Hybrid", "MolluskShell"], "proxy_obs_types": ["D18O", "D13C", "NA", "Dd", "Caco3", "Residual", "Total Organic Carbon", "BIT", "Mg/Ca", "Uk37", "Brgdgt", "Dry Bulk Density", "Segment", "Tree Ring Standardized Growth Index", "Arstan Chronology", "Core", "Tree Ring Width", "Ice-Rafted Debris", "Trsgi", "Calcification", "37:2Alkenoneconcentration", "Biogenic Silica", "Sr/Ca", "Corrs", "Sample Count", "D-Excess", "Expressed Population Signal", "Thickness", "Rbar (Mean Pair Correlation)", "Foraminifera Abundance", "Notes", "TEX86", "Composite", "Density", "Maximum Latewood Density"], "units": ["permil PDB", "permil", "cm", "NA", "percent", "m", "unitless", "mmol/mol", "decimal degrees", "peak area", "g/cm3", "no/g", "AD", "g/cm/yr", "ng/g", "count", "g", "mwe", "mm", "cm/yr", "microg/g", "mg/g", "counts", "mm/yr", "degC", "mg/cm2/yr", "bubbles/cm3"], "int_var": ["NA", "Precipitation Isotope", "Water Temperature", "Precipitation And Evaporation", "Carbonate Ion Concentration", "Temperature And D18O Of Seawater", "D18O Seawater", "Seawater Isotope", "Air Surface", "Air Temperature", "Palmer Drought Severity Index", "Evapotranspiration", "Precipitation Amount"], "int_var_det": ["NA", "Air Surface", "Lake Water", "Sea Surface", "Subsurface  300 400M ", "Near Surface", "Subsurface", "Thermocline", "Temperature", "Surface", "Near Sea Surface", "Air Condensationlevel", "Subsurface  30M "], "inf_var": ["NA", "D18O", "Precipitation Isotope", "Precipitation And Evaporation", "Temperature", "Near Surface Temperature And D18O Of Seawater", "Sea Surface D18O Seawater", "Subsurface Seawater Isotope", "Thermocline  Temperature", "Sea Surface Temperature And D18O Of Seawater", "Sea Surface  Temperature", "Sea Surface Temperature", "Sea Surface Seawater Isotope", "Sea Surface Carbonate Ion Concentration", "Near Sea Surface Temperature And D18O Of Seawater", "Surface Temperature And D18O Of Seawater", "Subsurface  Temperature", "Thermocline Carbonate Ion Concentration", "Near Sea Surface Seawater Isotope", "Surface Seawater Isotope", "Near Surface  Temperature", "Near Surface Seawater Isotope", "Subsurface Carbonate Ion Concentration", "Near Surface Carbonate Ion Concentration", "Thermocline Temperature And D18O Of Seawater", "Near Sea Surface  Temperature", "Lake Water Temperature", "Near Sea Surface Carbonate Ion Concentration", "Subsurface Temperature", "uncertainty_temperature", "Thermocline Seawater Isotope", "Sedimentation Rate"], "inf_var_units": ["NA", "permil", "degC", "index", "unitless", "cm/kyr"]}