{"archives_map": {"marine sediment": "MarineSediment", "lake sediment": "LakeSediment", "glacier ice": "GlacierIce", "documents": "Documents", "borehole": "Rock", "tree": "Wood", "bivalve": "MolluskShell", "coral": "Coral", "speleothem": "Speleothem", "sclerosponge": "Sclerosponge", "hybrid": "Hybrid", "Sclerosponge": "Sclerosponge", "Speleothem": "Speleothem", "Coral": "Coral", "MarineSediment": "MarineSediment", "LakeSediment": "LakeSediment", "GlacierIce": "GlacierIce", "Documents": "Documents", "Hybrid": "Hybrid", "MolluskShell": "MolluskShell", "Lake": "Lake", "molluskshell": "MolluskShell", "Wood": "Wood", "Rock": "Rock", "MollusckShell": "MolluskShell", "MolluskShells": "MolluskShell", "TerrestrialSediment": "TerrestrialSediment", "Midden": "Midden", "Peat": "Peat", "GroundIce": "GroundIce", "Ice-other": "Ice-other", "Marine Sediment" : "MarineSediment", "Lake Sediment" : "LakeSediment", "Mollusk Shell" : "MolluskShell", "Glacier Ice" : "GlacierIce", "Ground Ice" : "GroundIce", "Terrestrial Sediment" : "TerrestrialSediment", "mollusk shell": "MolluskShell"}, "ground_truth": {"MarineSediment": ["Dd", "D18O", "Mg/Ca", "DBD", "Foram.Abundance", "Bsi", "IRD", "Caco3", "Uk37", "Mgca", "D13C", "37:2Alkenoneconcentration", "TOC", "Toc.Error", "D13C.Error", "Notes", "D18O.Error"], "Wood": ["D18O", "Core", "Rbar", "Ringwidth", "Residual", "Segment", "Year", "ARS", "MXD", "Corrs", "SE", "Density", "Trsgi", "SD", "Samplecount", "EPS"], "GlacierIce": ["Dd", "D18O", "Chloride", "Cl", "Nitrate", "Sulfate", "Thickness", "Ca", "Melt", "Mg", "Na", "K", "Deuteriumexcess"], "Rock": ["NA", "Longitude Sample", "Elevation Sample", "Latitude Sample"], "Coral": ["D18O", "Calcification", "D13C", "Composite", "Sr/Ca"], "LakeSediment": ["Dd", "D18O", "Core", "Brgdgt", "Effectivemoisture", "R660_670", "Thickness", "Sampleid", "BIT", "Bsi", "NA", "Layer Thickness"], "Speleothem": ["Dd", "D18O", "D-Excess", "D13C"], "Sclerosponge": ["D18O", "Sr/Ca"], "TerrestrialSediment": ["Dd"], "GroundIce": ["Dd", "D18O", "D-Excess"], "D13C.Error": ["permil PDB"], "Rbar": ["NA"], "Mg/Ca": ["NotApplicable", "mmol/mol"], "D18O": ["permil", "permil PDB", "NotApplicable"], "SD": ["NA"], "Trsgi": ["NA"], "D13C": ["permil", "permil PDB"], "Longitude Sample": ["decimal degrees"], "Segment": ["NA"], "Ringwidth": ["cm"], "SE": ["NA"], "EPS": ["NA"], "NA": ["NA"], "Residual": ["NA"], "Caco3": ["percent"], "Uk37": ["NotApplicable"], "Latitude Sample": ["decimal degrees"], "TOC": ["percent"], "Core": ["NA", "NotApplicable"], "ARS": ["NA"], "Mgca": ["mmol/mol"], "Corrs": ["NA"], "Sr/Ca": ["mmol/mol"], "Calcification": ["g/cm/yr"], "Dd": ["permil"], "IRD": ["percent", "no/g"], "DBD": ["g/cm3"], "Foram.Abundance": ["percent", "counts"], "Samplecount": ["count"], "MXD": ["NA"], "Na": ["ppb"], "BIT": ["unitless"], "Chloride": ["ppb"], "Brgdgt": ["peak area"], "Bsi": ["percent", "mg/cm2/yr"], "Effectivemoisture": ["cm"], "D18O.Error": ["permil PDB"], "D-Excess": ["permil"], "Layer Thickness": ["mm"], "Thickness": ["mm", "cm", "mwe"], "Notes": ["NotApplicable"], "Melt": ["percent"], "Toc.Error": ["percent"], "Elevation Sample": ["m"], "Mg": ["ppb"], "R660_670": ["NA"], "37:2Alkenoneconcentration": ["g", "ng/g"], "Ca": ["ppb"], "Year": ["AD"], "Deuteriumexcess": ["permil"], "Composite": ["percent"], "Density": ["count", "NA", "g/cm3"], "K": ["ppb"], "Nitrate": ["ppb"], "Cl": ["ppb"], "Sulfate": ["ppb"], "Sampleid": ["NotApplicable"], "P_E": ["Strength   Position Of Aleutian Low", "Central Asia", "Enso Pdo", "D18O Of The Leaf Water", "Lake Water", "NA", "Air Surface", "Seasonal", "Isotopic Composition Of Summer Rainfall"], "Temperature": ["Sea Surface", "Air Condensationlevel", "Air", "Lake Water", "NA", "Air Surface"], "P_Isotope": ["Precipitation D18O", "Leaf Water D18O", "Variations In Winter Temperature In The Alps", "Seasonal  Annual", "Sam", "Lake Water", "0 58    0 11Ppt Degrees C", "NA", "Air Surface", "Seasonal", "Precipitation", "Amount Of Rainfall Change"], "I_E": ["NA"], "D18O_Seawater": ["NA", "Sea Surface"], "T_Water": ["Surface", "Near Surface", "Sea Surface", "Nan", "Sub Surface", "Thermocline", "Lake Water", "Subsurface", "NA", "Near Sea Surface", "Subsurface  300 400M "], "E/P": ["Lake Water", "NA"], "Temperature/D18Osw": ["Surface", "Near Surface", "Sea Surface", "Nan", "Sub Surface", "Thermocline", "Subsurface", "Near Sea Surface"], "Seawater_Isotope": ["Surface", "Near Surface", "Sea Surface", "Nan", "Sub Surface", "Thermocline", "Subsurface", "NA", "Subsurface  300 400M "], "Composition C3-C4 Plants": ["NA"], "Carbonate_Ion_Concentration": ["Surface", "Near Surface", "Sea Surface", "Nan", "Sub Surface", "Thermocline", "NA", "Near Sea Surface", "Subsurface", "Subsurface  300 400M "], "Precipitation Amount": ["Central Asia", "NA", "Air Surface", "Precipitation"], "T_Air": ["Seasonal", "Regional And Hemispheric Temperature"], "P_Amount, P_E": ["Seasonal"], "Plant Type": ["NA"], "P": ["NA", "Enso  Pacific Ocean Atmosphere Dynamics ", "Enso Pdo", "Sam"], "Plant Community Composition": ["NA"], "M": ["Eff"], "Soil Water Evapotranspiration": ["NA"], "Pdsi": ["Seasonal"], "Temperature And Salinity": ["Sea Surface"], "Evaptranspiration": ["NA"], "P_Amount": ["Seasonal", "NA", "Seasonal  Annual"], "P/E": ["Lake Water", "NA", "Air Surface"], "Et": ["Net Primary Productivity"], "Veg": ["NA"], "G_Isotope": ["NA"], "Nan": ["Nan"], "T_Lake": ["NA"], "Precipitation_Amount, Sam": ["NA"], "Water Availability": ["NA"], "Mineralogy": ["NA"], "Moisture Balance (P-E)": ["Air Surface"], "P_Amount And Temperature": ["Seasonal"], "Temperature_Air": ["NA"], "Air Temperature": ["NA"], "S": ["Sea Surface"], "Winter Snow Melting During Growing Season": ["Air Surface"], "D18O Of The Leaf Water": ["Year", "D18O Of The Leaf Water P_E"], "Air Surface": ["Air Surface Pressure_Isotope", "Air Surface Pressure_E", "uncertainty temperature1", "Air Surface Pressurerecipitation Amount", "Air Surface Pressure/E", "NA", "Air Surface Temperature", "Air Surface Moisture Balance (P-E)", "Air Surface Winter Snow Melting During Growing Season"], "Leaf Water D18O": ["Year"], "Sea Surface": ["Sea Surface Temperature/D18Osw", "D18O", "Sea Surface T_Water", "Sea Surface Temperature", "Sea Surface D18O_Seawater", "Sea Surface Temperature And Salinity", "Sea Surface Seawater_Isotope", "Sea Surface Carbonate_Ion_Concentration", "Sea Surface S"], "Air Condensationlevel": ["Air Condensationlevel Temperature"], "Lake Water": ["Lake Water T_Water", "Lake Water P_Isotope", "Lake Water P_E", "Lake Water P/E", "Lake Water E/P", "Lake Water Temperature"], "Seasonal": ["Seasonal T_Air", "Seasonal P_Isotope", "Seasonal P_Amount, P_E", "Seasonal P_E", "Seasonal Pdsi", "Year", "Seasonal P_Amount And Temperature", "Seasonal P_Amount"], "Near Sea Surface": ["Near Sea Surface Carbonate_Ion_Concentration", "Near Sea Surface T_Water", "Near Sea Surface Temperature/D18Osw"], "Subsurface": ["D18O", "Subsurface Seawater_Isotope", "Subsurface Carbonate_Ion_Concentration", "Subsurface T_Water", "Subsurface Temperature/D18Osw"], "Surface": ["Surface Seawater_Isotope", "D18O", "Surface Carbonate_Ion_Concentration", "Surface Temperature/D18Osw", "Surface T_Water"], "Air": ["Air Temperature"], "Precipitation D18O": ["Precipitation D18O P_Isotope"], "Eff": ["Temperature"], "Near Surface": ["Near Surface Temperature/D18Osw", "Near Surface Seawater_Isotope", "Near Surface T_Water", "Near Surface Carbonate_Ion_Concentration"], "Thermocline": ["Thermocline Carbonate_Ion_Concentration", "Thermocline Temperature/D18Osw", "Thermocline Seawater_Isotope", "Thermocline T_Water"], "Seasonal  Annual": ["Seasonal  Annual P_Isotope", "Seasonal  Annual P_Amount"], "Enso  Pacific Ocean Atmosphere Dynamics ": ["Enso  Pacific Ocean Atmosphere Dynamics  P"], "Subsurface  300 400M ": ["Subsurface  300 400M  Carbonate_Ion_Concentration", "Subsurface  300 400M  Seawater_Isotope", "Subsurface  300 400M  T_Water"], "Sub Surface": ["Sub Surface Seawater_Isotope", "Sub Surface Temperature/D18Osw", "Sub Surface Carbonate_Ion_Concentration", "Sub Surface T_Water"], "Isotopic Composition Of Summer Rainfall": ["Year", "Isotopic Composition Of Summer Rainfall P_E"], "Net Primary Productivity": ["Net Primary Productivity D18O", "Net Primary Productivity Et"], "Central Asia": ["Central Asia P_E", "Central Asia Precipitation Amount"], "Variations In Winter Temperature In The Alps": ["Variations In Winter Temperature In The Alps P_Isotope"], "Amount Of Rainfall Change": ["Amount Of Rainfall Change P_Isotope"], "Precipitation": ["Precipitation Precipitation Amount", "Precipitation P_Isotope"], "Strength   Position Of Aleutian Low": ["Strength   Position Of Aleutian Low P_E"], "Regional And Hemispheric Temperature": ["Regional And Hemispheric Temperature T_Air"], "Enso Pdo": ["Enso Pdo P", "Enso Pdo P_E"], "Sam": ["Sam P", "Sam P_Isotope"], "0 58    0 11Ppt Degrees C": ["0 58    0 11Ppt Degrees C P_Isotope"], "surface.temp": ["degC"], "D18O Of The Leaf Water P_E": ["NA"], "Air Surface Temperature": ["degC"], "CaCO3": ["percent"], "Sea Surface D18O_Seawater": ["NA"], "Sea Surface Temperature": ["degC"], "Sea Surface T_Water": ["NA"], "Air Condensationlevel Temperature": ["degC"], "Lake Water E/P": ["NA"], "Seasonal P_E": ["NA"], "Lake Water Temperature": ["NA"], "temperature1": ["degC"], "Air Surface Pressure_Isotope": ["NA"], "Near Sea Surface Temperature/D18Osw": ["NA"], "Lake Water P_Isotope": ["NA"], "surface.temp.error": ["degC"], "Sea Surface Seawater_Isotope": ["NA"], "Lake Water P_E": ["NA"], "Subsurface Temperature/D18Osw": ["NA"], "Air Surface Pressurerecipitation Amount": ["NA"], "Seasonal T_Air": ["NA"], "Sea Surface Temperature/D18Osw": ["NA"], "Seasonal P_Amount, P_E": ["NA"], "Surface T_Water": ["NA"], "Near Sea Surface Carbonate_Ion_Concentration": ["NA"], "Surface Carbonate_Ion_Concentration": ["NA"], "Surface Seawater_Isotope": ["NA"], "Precipitation D18O P_Isotope": ["NA"], "pH": ["pH"], "Surface Temperature/D18Osw": ["NA"], "Near Surface Seawater_Isotope": ["NA"], "Seasonal Pdsi": ["NA"], "Nan T_Water": ["NA"], "Sea Surface Temperature And Salinity": ["NA"], "Nan Seawater_Isotope": ["NA"], "uncertainty temperature1": ["degC"], "Nan Carbonate_Ion_Concentration": ["NA"], "Near Surface Temperature/D18Osw": ["NA"], "Thermocline Temperature/D18Osw": ["NA"], "Seasonal  Annual P_Amount": ["NA"], "Seasonal P_Isotope": ["NA"], "Enso  Pacific Ocean Atmosphere Dynamics  P": ["NA"], "Subsurface  300 400M  T_Water": ["NA"], "Subsurface  300 400M  Carbonate_Ion_Concentration": ["NA"], "Sub Surface T_Water": ["NA"], "Lake Water P/E": ["NA"], "Net Primary Productivity Et": ["NA"], "uncertainty_temperature": ["degC"], "Central Asia Precipitation Amount": ["NA"], "Near Surface T_Water": ["NA"], "Net Primary Productivity D18O": ["NA"], "Sub Surface Temperature/D18Osw": ["NA"], "Variations In Winter Temperature In The Alps P_Isotope": ["NA"], "Nan Nan": ["NA"], "Isotopic Composition Of Summer Rainfall P_E": ["NA"], "Amount Of Rainfall Change P_Isotope": ["NA"], "Sea Surface Carbonate_Ion_Concentration": ["NA"], "Precipitation P_Isotope": ["NA"], "deep.temp": ["degC"], "Air Surface Pressure_E": ["NA"], "Subsurface  300 400M  Seawater_Isotope": ["NA"], "Seasonal  Annual P_Isotope": ["NA"], "Strength   Position Of Aleutian Low P_E": ["NA"], "Regional And Hemispheric Temperature T_Air": ["NA"], "Near Surface Carbonate_Ion_Concentration": ["NA"], "Thermocline T_Water": ["NA"], "Thermocline Carbonate_Ion_Concentration": ["NA"], "Air Surface Moisture Balance (P-E)": ["NA"], "Precipitation Precipitation Amount": ["NA"], "uncertainty.temperature": ["degC"], "Seasonal P_Amount And Temperature": ["NA"], "Enso Pdo P_E": ["NA"], "soilTemp": ["degC"], "temperatureComposite": ["degC"], "Subsurface Seawater_Isotope": ["NA"], "Thermocline Seawater_Isotope": ["NA"], "Lake Water T_Water": ["NA"], "Sea Surface S": ["NA"], "Enso Pdo P": ["NA"], "Sub Surface Carbonate_Ion_Concentration": ["NA"], "Seasonal P_Amount": ["NA"], "Sub Surface Seawater_Isotope": ["NA"], "Subsurface T_Water": ["NA"], "Sam P_Isotope": ["NA"], "Nan Temperature/D18Osw": ["NA"], "Near Sea Surface T_Water": ["NA"], "Air Surface Winter Snow Melting During Growing Season": ["NA"], "Central Asia P_E": ["NA"], "Sam P": ["NA"], "0 58    0 11Ppt Degrees C P_Isotope": ["NA"], "Air Surface Pressure/E": ["NA"], "Subsurface Carbonate_Ion_Concentration": ["NA"]}, "archive_types": ["LakeSediment", "Speleothem", "MarineSediment", "Wood", "GlacierIce", "Coral", "TerrestrialSediment", "Sclerosponge", "Rock", "GroundIce", "Hybrid", "MolluskShell", "Documents"], "proxy_obs_types": ["Dd", "D18O", "D13C", "Samplecount", "Caco3", "TN", "Toc.Error", "Sr/Ca", "Corrs", "Trsgi", "Foram.Abundance", "Rbar", "Deuteriumexcess", "NA", "TOC", "Core", "Segment", "Mgca", "Lower95", "EPS", "IRD", "Effectivemoisture", "D13C.Error", "Residual", "Bsi", "ARS", "37:2Alkenoneconcentration", "SE", "Mg/Ca", "SD", "Brgdgt", "D-Excess", "Latitude Sample", "R660_670", "Uk37", "Ringwidth", "Sampleid", "D18O.Error", "Chloride", "Thickness", "Longitude Sample", "Duration", "CBT", "DBD", "Calcification", "MXD", "R570_630", "MBT'", "Elevation Sample", "Density", "Laminathickenss", "Brgdgtiiib", "Depth Top", "Composite", "Sulfate", "Brgdgtiia", "BIT", "Grainsizemode", "Sulfur", "Precipitation", "Meltlayerfrequency", "Brgdgtiiia", "Depth Bottom", "Year", "Upper95", "Brgdgtiib", "K", "F", "Notes", "Brgdgtia", "Bubblenumberdensity", "Dust", "Brgdgtib", "D50", "C/N", "TEX86", "Ice Melt", "Bubblenumberdensityerror", "Meltlayers", "Nitrate", "Ammonium", "Na", "MBT", "Cl", "Uk37Prime", "Layer Thickness", "Melt", "Mg", "Julianday", "Ca", "Repeats", "RAN15"], "units": ["permil", "permil PDB", "count", "percent", "mmol/mol", "NA", "counts", "degC", "no/g", "cm", "ng/g", "NotApplicable", "peak area", "decimal degrees", "ppb", "AD", "g/cm3", "g/cm/yr", "g", "m", "mm", "mg/cm2/yr", "mcm", "microg/g", "mg/g", "frequency/1000yrs", "bubbles/cm3", "PC", "unitless", "zscore", "cm/yr", "mwe", "mm/yr", "days", "count/mL"], "int_var": ["P_Isotope", "NA", "Temperature", "P", "Winter Snow Melting During Growing Season", "Air Temperature", "Temperature/D18Osw", "Temperature And Salinity", "M", "D18O_Seawater", "P_E", "Pdsi", "D18O", "T_Water", "P_Amount", "E/P", "Carbonate_Ion_Concentration", "Seawater_Isotope", "Precipitation Amount", "Evaptranspiration", "Salinity_Seawater", "I_E", "T_Air", "S", "Moisture Balance (P-E)", "Water Availability", "Temperature_Air", "Plant Type", "Hydrology", "Composition C3-C4 Plants", "P_Amount, Rh, T_Air, P_E", "Continental Effect", "Discharge", "Et", "P/E", "Veg", "Mineralogy", "Plant Community Composition", "P_Amount, P_E", "No Isotopic Analyes Here", "Nan", "Soil Water Evapotranspiration", "Source Region", "P_Amount And Temperature", "Precipitation Seasonality", "Relative Humidity", "Relative Humdity", "Temperature/Salinity", "G_Isotope", "Precipitation_Amount, Sam", "Monsoon Strength", "Aridity", "T_Lake", "Asian Summer Monsoon"], "int_var_det": ["Evaporative Enrichment Of Leaf Water", "NA", "Air Surface", "Sea Surface", "Air Condensationlevel", "Nan", "Eff", "Tropical Or North Pacific Moisture", "Surface Waters Of Polar Origin", "Lake Water", "D18O Of The Leaf Water", "Seasonal", "Net Primary Productivity", "Subsurface  136 M", "20 Mbsl", "Near Surface", "Sub Surface", "Surface", "Coastal Lagoon Water", "Seasonal  Annual", "Enso Pdo", "Subsurface  143 M", "Continental Sweden", "0 58    0 11Ppt Degrees C", "Precipitation", "East Asian Monsoon Strength", "Subsurface", "Thermocline", "Sub Surface  30M ", "Indian Monsoon Strength", "Moisture Source", "Enso  Pacific Ocean Atmosphere Dynamics ", "Regional And Hemispheric Temperature", "Aleutian Low Westerly Storm Trajectories", "Central Asia", "South China Sea", "Near Sea Surface", "Subsurface  300 400M ", "Moisture", "Sam", "Strength   Position Of Aleutian Low", "Sub Surface  50M ", "Subsurface  60 80M ", "At  39 Degrees Lat", "Amount Of Rainfall Change", "Sub Surface   50 M ", "Isotopic Composition Of Summer Rainfall", "Air", "Southern Tibet", "Australian Indonesian Monsoon Rainfall", "Of Precipitation", "Leaf Water D18O", "Relative Humidity", "Precipitation D18O", "Surface Temperature", "D18Op", "Variations In Winter Temperature In The Alps", "Soil Moisture Stress", "Surface Mixed Layer", "Summer Monsoon Rainfall Amount", "Souther Annular Mode  Sam ", "Surface Relative Humidity", "Maximum Air Temperature  Seasonal", "Summer Monsoon", "Soil Moisture", "In The Venezuelan Andes", "Lake Surface", "Central India", "Soil Pdsi Conditions", "Atmospheric Surface Temperature", "In The Southern Tropical Andes", "E P Lake Water", "Air Condensation", "Rain", "Qaidam Basin", "Monsoon Strength", "Lake  Winds In Eastern Patagonia", "Maximum Temperature", "Groundwater"], "inf_var": ["Evaporative Enrichment Of Leaf Water P_Isotope", "NA", "surface.temp", "Air Surface Pressure_Isotope", "Sea Surface Temperature", "Air Condensationlevel Temperature", "Air Surface Temperature", "Air Surface Winter Snow Melting During Growing Season", "Evaporative Enrichment Of Leaf Water Air Temperature", "Temperature", "surface.temp.error", "D18O", "Nan Temperature/D18Osw", "Sea Surface Temperature And Salinity", "Tropical Or North Pacific Moisture P_Isotope", "Surface Waters Of Polar Origin Temperature/D18Osw", "Sea Surface D18O_Seawater", "Lake Water P_E", "deep.temp", "uncertainty temperature1", "Sea Surface Temperature/D18Osw", "temperatureComposite", "D18O Of The Leaf Water P_E", "Seasonal Pdsi", "Net Primary Productivity D18O", "ageDuplicate", "Subsurface  136 M Temperature And Salinity", "uncertainty_temperature", "20 Mbsl Temperature And Salinity", "temperature1", "Sea Surface T_Water", "Air Surface Pressure_E", "Air Surface Pressure_Amount", "Seasonal P_E", "Lake Water E/P", "Near Surface Carbonate_Ion_Concentration", "Sub Surface Seawater_Isotope", "Sea Surface Carbonate_Ion_Concentration", "CaCO3", "Coastal Lagoon Water T_Water", "Surface Seawater_Isotope", "pH", "Seasonal  Annual P_Amount", "Enso Pdo P_E", "uncertainty.temperature", "Subsurface  143 M Salinity_Seawater", "Continental Sweden I_E", "0 58    0 11Ppt Degrees C P_Isotope", "Precipitation P_Isotope", "Nan P_Isotope", "0 58    0 11Ppt Degrees C T_Air", "East Asian Monsoon Strength P_Isotope", "Sea Surface S", "Subsurface T_Water", "Thermocline T_Water", "Air Surface Moisture Balance (P-E)", "ageMin", "Indian Monsoon Strength T_Water", "Surface Temperature/D18Osw", "Sub Surface Temperature/D18Osw", "uncertaintyLow", "Moisture Source P_Isotope", "soilTemp", "Enso  Pacific Ocean Atmosphere Dynamics  P_E", "Regional And Hemispheric Temperature Temperature_Air", "Seasonal  Annual P_Isotope", "Near Surface Seawater_Isotope", "Aleutian Low Westerly Storm Trajectories P_E", "Central Asia P_E", "Subsurface  136 M Salinity_Seawater", "Sea Surface Seawater_Isotope", "Age BP", "Surface T_Water", "Year", "Thermocline Seawater_Isotope", "Lake Water Temperature", "Near Sea Surface Carbonate_Ion_Concentration", "Nan T_Water", "Moisture P_Amount", "Sam P_Isotope", "Net Primary Productivity Et", "Near Sea Surface T_Water", "Strength   Position Of Aleutian Low P", "20 Mbsl T_Water", "Surface Carbonate_Ion_Concentration", "Sub Surface  50M  Temperature/D18Osw", "Subsurface  60 80M  T_Water", "Sub Surface  30M  T_Water", "Strength   Position Of Aleutian Low P_E", "Near Surface T_Water", "Seasonal P_Amount, P_E", "Near Sea Surface Temperature/D18Osw", "Sub Surface  50M  Seawater_Isotope", "Eff M", "At  39 Degrees Lat P_Isotope", "Amount Of Rainfall Change P_Isotope", "DBD", "Sub Surface   50 M  T_Water", "Near Surface Temperature/D18Osw", "Seasonal P_Amount", "Regional And Hemispheric Temperature T_Air", "Amount Of Rainfall Change P", "Isotopic Composition Of Summer Rainfall P_E", "Air Temperature", "Air Condensationlevel P_Isotope", "Nan Nan", "Southern Tibet I_E", "Australian Indonesian Monsoon Rainfall P", "Of Precipitation P_Isotope", "Subsurface  143 M Temperature And Salinity", "Of Precipitation Source Region", "tempError", "Relative Humidity D18O", "Precipitation D18O P_Isotope", "Surface Temperature Temperature", "Sub Surface   50 M  Seawater_Isotope", "Subsurface  60 80M  Carbonate_Ion_Concentration", "Air Surface Pressure/E", "D18Op P_Isotope", "Subsurface  300 400M  Seawater_Isotope", "Variations In Winter Temperature In The Alps P_Isotope", "Surface Mixed Layer T_Water", "Seasonal P_Amount And Temperature", "Nan Seawater_Isotope", "Australian Indonesian Monsoon Rainfall P_Isotope", "Sub Surface   50 M  Temperature/D18Osw", "Summer Monsoon Rainfall Amount P_Isotope", "Seasonal P_Isotope", "Continental Sweden T_Air", "Coastal Lagoon Water I_E", "Amount Of Rainfall Change Precipitation Amount", "meltUncertaintyLow", "Enso Pdo P", "Souther Annular Mode  Sam  D18O", "20 Mbsl D18O_Seawater", "Air Surface Pressurerecipitation Seasonality", "Sub Surface Carbonate_Ion_Concentration", "Subsurface Temperature/D18Osw", "meltUncertaintyHigh", "ageUncertainty", "Enso  Pacific Ocean Atmosphere Dynamics  P_Isotope", "Maximum Air Temperature  Seasonal P_Isotope", "Summer Monsoon P_Isotope", "Subsurface  300 400M  T_Water", "Moisture Source P", "Moisture P_Isotope", "Subsurface  60 80M  Seawater_Isotope", "Surface Mixed Layer Carbonate_Ion_Concentration", "Soil Moisture P_E", "Nan Carbonate_Ion_Concentration", "Air Surface Pressurerecipitation Amount", "nonReliableTemperature 1", "Lake Water P/E", "Souther Annular Mode  Sam  P_Isotope", "Subsurface  300 400M  Carbonate_Ion_Concentration", "In The Venezuelan Andes P_Isotope", "Sub Surface  50M  T_Water", "Sub Surface T_Water", "Lake Surface Temperature", "Seasonal T_Air", "Thermocline Temperature/D18Osw", "Sam P", "Leaf Water D18O P_Isotope", "Surface Waters Of Polar Origin Carbonate_Ion_Concentration", "Subsurface  136 M T_Water", "Central Asia T_Water", "Central India I_E", "Sea Surface Temperature/Salinity", "Surface Relative Humidity Relative Humidity", "Sedimentation Rate", "Subsurface  143 M T_Water", "Soil Pdsi Conditions Pdsi", "sampleID", "Lake Water T_Water", "Variations In Winter Temperature In The Alps Temperature", "In The Southern Tropical Andes P_Isotope", "E P Lake Water M", "precipitation", "Air Surface I_E", "Seasonal P", "Precipitation Precipitation Amount", "Near Sea Surface Seawater_Isotope", "Surface Waters Of Polar Origin Seawater_Isotope", "In The Southern Tropical Andes Precipitation Amount", "Surface Mixed Layer Seawater_Isotope", "Southern Tibet Precipitation Amount", "Lake Water P_Isotope", "Surface Waters Of Polar Origin T_Water", "Indian Monsoon Strength Aridity", "Subsurface Carbonate_Ion_Concentration", "Thermocline Carbonate_Ion_Concentration", "Air Condensation Temperature", "smoothedTemp", "Surface Relative Humidity Relative Humdity", "Surface Mixed Layer Temperature/D18Osw", "Subsurface  300 400M  Temperature/D18Osw", "Rain P_Isotope", "South China Sea P_E", "Enso  Pacific Ocean Atmosphere Dynamics  P", "Subsurface Seawater_Isotope", "Lake Water Discharge", "Qaidam Basin I_E", "Indian Monsoon Strength P_E", "Summer Monsoon Rainfall Amount P", "Soil Moisture Pdsi", "Enso Pdo P_Isotope", "Sub Surface  30M  Carbonate_Ion_Concentration", "In The Venezuelan Andes T_Water", "Monsoon Strength P_Isotope", "Central India Precipitation Amount", "Subsurface Temperature", "Leaf Water D18O P_E", "Lake  Winds In Eastern Patagonia T_Air", "Maximum Air Temperature  Seasonal T_Air", "Central Asia Precipitation Amount", "Sub Surface  50M  Carbonate_Ion_Concentration", "E P Lake Water P_E", "Surface Pressure", "East Asian Monsoon Strength P", "Lake  Winds In Eastern Patagonia I_E", "Rain D18O", "Subsurface  60 80M  Temperature/D18Osw", "Maximum Temperature P_E", "Indian Monsoon Strength Mineralogy", "Atmospheric Surface Temperature Temperature", "Seasonal P_Amount, Rh, T_Air, P_E", "Central Asia Mineralogy", "Relative Humidity Et", "E P Lake Water Hydrology", "uncertaintyHigh", "Lake Water M", "Sub Surface   50 M  Carbonate_Ion_Concentration", "Groundwater I_E", "Sub Surface  30M  Temperature/D18Osw", "Soil Moisture Stress Pdsi", "Monsoon Strength P", "Sub Surface  30M  Seawater_Isotope"], "inf_var_units": ["NA", "degC", "index", "BP", "permil", "percent", "pH", "PC", "AD", "year ce", "g/cm3", "yr", "cm/kyr", "unitless", "mm"]}